customerID,gender,SeniorCitizen,tenure,PhoneService,InternetService,MonthlyCharges,TotalCharges,Churn
CUST00001,Male,0,21,No,DSL,94.49,2120.34,No
CUST00002,Male,1,3,No,Fiber optic,83.8,225.05,No
CUST00003,Male,0,2,Yes,Fiber optic,73.21,149.8,Yes
CUST00004,Male,1,21,Yes,Fiber optic,42.56,885.5,Yes
CUST00005,Female,1,4,Yes,Fiber optic,82.21,335.05,Yes
CUST00006,Female,0,22,Yes,DSL,64.8,1451.03,No
CUST00007,Female,1,11,Yes,DSL,63.94,658.42,No
CUST00008,Male,1,5,No,Fiber optic,106.84,583.13,No
CUST00009,Female,0,21,Yes,Fiber optic,71.99,1607.37,No
CUST00010,Female,0,30,No,Fiber optic,65.13,1864.02,No
CUST00011,Male,0,54,No,DSL,63.94,3215.35,No
CUST00012,Male,0,11,Yes,DSL,98.75,1076.05,Yes
CUST00013,Male,0,58,Yes,Fiber optic,73.4,3924.85,No
CUST00014,Female,1,3,No,DSL,86.41,272.54,No
CUST00015,Male,0,6,No,No,100.75,550.62,No
CUST00016,Female,1,23,Yes,No,82.1,1787.46,No
CUST00017,Female,0,20,No,DSL,27.8,575.71,No
CUST00018,Male,0,37,Yes,DSL,49.8,2013.55,No
CUST00019,Male,0,32,Yes,Fiber optic,64.42,2139.13,No
CUST00020,Female,0,3,Yes,Fiber optic,91.72,285.71,Yes
CUST00021,Male,0,57,No,Fiber optic,25.03,1374.57,Yes
CUST00022,Male,0,31,No,Fiber optic,26.09,695.48,No
CUST00023,Male,0,5,No,No,90.5,439.35,No
CUST00024,Female,0,0,Yes,Fiber optic,61.7,,No
CUST00025,Female,0,17,No,No,64.74,1084.58,No
CUST00026,Female,0,39,Yes,Fiber optic,79.36,3258.84,No
CUST00027,Female,0,55,No,Fiber optic,64.28,3444.33,Yes
CUST00028,Female,0,6,No,Fiber optic,82.91,548.93,Yes
CUST00029,Female,0,53,Yes,DSL,23.66,1297.63,No
CUST00030,Male,0,11,No,DSL,67.78,,No
CUST00031,Male,0,59,No,Fiber optic,27.5,1686.46,No
CUST00032,Female,1,7,Yes,Fiber optic,104.15,777.12,No
CUST00033,Female,0,54,No,Fiber optic,44.68,2611.87,No
CUST00034,Male,0,20,No,DSL,48.08,812.4,No
CUST00035,Male,0,11,Yes,DSL,98.7,1011.18,No
CUST00036,Female,0,16,No,Fiber optic,90.55,1410.25,No
CUST00037,Male,1,13,No,DSL,52.62,694.29,No
CUST00038,Female,1,5,No,Fiber optic,93.97,480.35,No
CUST00039,Male,0,21,Yes,Fiber optic,51.95,909.31,No
CUST00040,Female,0,22,No,No,40.1,1033.79,No
CUST00041,Female,0,35,No,DSL,58.95,1870.52,No
CUST00042,Male,0,10,Yes,No,95.48,961.06,No
CUST00043,Male,0,10,No,Fiber optic,88.01,810.61,No
CUST00044,Male,0,14,Yes,No,87.8,1189.69,No
CUST00045,Male,0,11,No,No,69.4,745.69,No
CUST00046,Female,1,8,Yes,DSL,71.98,551.74,No
CUST00047,Female,0,6,Yes,DSL,92.9,563.67,Yes
CUST00048,Female,0,20,No,No,48.77,1163.71,No
CUST00049,Male,0,57,Yes,DSL,22.34,1628.67,No
CUST00050,Male,0,5,No,Fiber optic,69.23,318.79,No
CUST00051,Female,0,16,Yes,DSL,80.37,1369.78,No
CUST00052,Male,0,9,No,No,103.19,989.28,Yes
CUST00053,Male,0,9,Yes,No,60.19,453.04,No
CUST00054,Female,0,61,No,Fiber optic,46.71,2792.22,Yes
CUST00055,Female,0,1,No,Fiber optic,100.96,106.45,Yes
CUST00056,Male,0,0,Yes,DSL,63.89,,No
CUST00057,Female,1,11,Yes,DSL,74.54,914.5,Yes
CUST00058,Female,1,17,Yes,Fiber optic,23.21,552.58,No
CUST00059,Male,0,38,No,DSL,93.73,3297.02,No
CUST00060,Female,0,37,No,Fiber optic,95.36,3254.99,Yes
CUST00061,Male,0,66,Yes,DSL,65.05,4317.44,No
CUST00062,Female,0,6,Yes,DSL,69.36,459.32,No
CUST00063,Female,1,7,No,DSL,91.6,595.63,Yes
CUST00064,Female,1,31,No,No,83.68,2884.79,Yes
CUST00065,Female,1,8,Yes,DSL,95.76,753.18,Yes
CUST00066,Female,0,44,No,DSL,44.52,1865.01,No
CUST00067,Male,1,42,No,No,55.41,1925.35,No
CUST00068,Female,1,67,Yes,Fiber optic,96.13,7058.6,Yes
CUST00069,Female,1,1,No,No,83.42,75.55,Yes
CUST00070,Male,1,5,Yes,No,97.35,481.97,No
CUST00071,Male,0,10,Yes,DSL,67.88,594.71,No
CUST00072,Male,0,4,Yes,Fiber optic,99.0,421.94,Yes
CUST00073,Male,0,20,No,Fiber optic,71.41,1319.58,No
CUST00074,Female,0,50,No,No,48.4,2433.01,No
CUST00075,Female,0,52,Yes,DSL,77.61,3639.34,No
CUST00076,Female,0,49,No,Fiber optic,23.17,1305.88,No
CUST00077,Male,0,38,No,DSL,50.05,1681.64,No
CUST00078,Male,0,11,Yes,DSL,64.87,820.76,No
CUST00079,Male,1,21,Yes,Fiber optic,44.57,1120.22,No
CUST00080,Male,0,24,Yes,Fiber optic,49.13,1354.47,Yes
CUST00081,Female,1,71,Yes,DSL,77.35,5510.98,No
CUST00082,Female,0,15,Yes,DSL,31.22,462.99,No
CUST00083,Male,0,2,Yes,DSL,71.81,139.15,No
CUST00084,Male,0,72,Yes,No,60.61,4956.7,No
CUST00085,Female,0,3,No,Fiber optic,83.37,239.66,Yes
CUST00086,Female,0,12,Yes,Fiber optic,28.89,327.99,Yes
CUST00087,Female,1,10,Yes,DSL,82.24,763.51,Yes
CUST00088,Male,0,33,No,DSL,71.48,,No
CUST00089,Female,0,0,No,DSL,72.84,,No
CUST00090,Female,0,7,Yes,Fiber optic,91.57,594.15,Yes
CUST00091,Male,0,72,Yes,DSL,53.72,3763.44,No
CUST00092,Female,0,59,Yes,No,32.29,1438.92,No
CUST00093,Female,0,37,No,Fiber optic,64.37,2667.79,No
CUST00094,Male,0,37,No,Fiber optic,98.49,3475.06,No
CUST00095,Female,0,69,No,DSL,61.07,4615.32,No
CUST00096,Male,0,12,No,Fiber optic,91.39,1033.92,Yes
CUST00097,Female,0,10,Yes,DSL,93.94,1009.09,No
CUST00098,Female,0,6,No,Fiber optic,73.78,485.59,No
CUST00099,Male,0,42,Yes,DSL,95.08,4052.85,No
CUST00100,Male,1,9,No,Fiber optic,90.85,774.44,Yes
CUST00101,Female,0,2,Yes,No,80.99,177.97,Yes
CUST00102,Male,0,67,No,DSL,65.71,,No
CUST00103,Male,0,41,Yes,Fiber optic,92.33,,No
CUST00104,Female,0,10,Yes,DSL,98.29,,No
CUST00105,Male,0,5,No,Fiber optic,81.33,435.08,Yes
CUST00106,Male,0,10,Yes,DSL,74.11,718.93,Yes
CUST00107,Female,0,23,No,DSL,75.45,1730.89,No
CUST00108,Female,0,23,No,DSL,29.24,889.13,No
CUST00109,Female,0,6,No,DSL,70.78,,No
CUST00110,Male,0,64,No,Fiber optic,69.64,4745.94,Yes
CUST00111,Female,0,9,No,Fiber optic,86.87,763.79,Yes
CUST00112,Female,0,33,No,DSL,24.24,837.63,No
CUST00113,Male,1,52,Yes,Fiber optic,42.29,,No
CUST00114,Male,0,14,No,DSL,44.31,729.06,No
CUST00115,Male,0,6,Yes,Fiber optic,108.26,659.0,Yes
CUST00116,Female,0,38,Yes,DSL,34.1,1304.74,No
CUST00117,Female,0,9,No,Fiber optic,107.67,974.4,No
CUST00118,Male,0,49,Yes,No,32.08,1959.89,No
CUST00119,Female,0,4,No,Fiber optic,96.71,377.21,Yes
CUST00120,Male,0,51,Yes,DSL,96.45,4870.02,No
CUST00121,Male,0,19,Yes,Fiber optic,50.26,1105.77,Yes
CUST00122,Female,0,7,No,Fiber optic,87.22,670.59,Yes
CUST00123,Male,0,34,No,Fiber optic,38.28,1604.6,No
CUST00124,Female,0,18,No,No,74.54,1196.08,No
CUST00125,Male,0,11,No,DSL,99.96,1128.71,Yes
CUST00126,Female,0,23,No,No,47.2,962.04,No
CUST00127,Female,1,8,Yes,DSL,105.33,,Yes
CUST00128,Female,1,28,Yes,DSL,72.95,2233.05,No
CUST00129,Male,1,50,No,No,40.14,1694.56,No
CUST00130,Female,0,3,Yes,Fiber optic,94.03,288.17,No
CUST00131,Female,0,54,No,Fiber optic,20.96,1264.78,No
CUST00132,Male,0,31,Yes,Fiber optic,29.2,714.63,No
CUST00133,Male,0,69,Yes,Fiber optic,62.44,4271.6,Yes
CUST00134,Male,0,12,No,DSL,81.02,956.4,No
CUST00135,Female,0,67,Yes,Fiber optic,87.0,5921.94,Yes
CUST00136,Female,0,19,Yes,Fiber optic,98.11,1875.63,No
CUST00137,Male,0,9,No,DSL,89.22,885.09,Yes
CUST00138,Male,0,11,No,Fiber optic,93.18,,Yes
CUST00139,Female,0,29,Yes,No,28.08,831.07,No
CUST00140,Female,0,59,Yes,DSL,32.54,1349.06,No
CUST00141,Female,0,47,Yes,Fiber optic,39.74,1404.23,No
CUST00142,Male,0,19,No,DSL,37.03,,No
CUST00143,Male,1,25,No,DSL,76.94,1695.19,Yes
CUST00144,Female,0,37,Yes,DSL,68.25,2559.91,No
CUST00145,Female,0,4,No,DSL,71.4,287.39,Yes
CUST00146,Male,0,57,Yes,DSL,89.27,5144.32,No
CUST00147,Female,0,47,No,No,26.74,1105.17,No
CUST00148,Male,0,4,Yes,No,95.05,357.75,Yes
CUST00149,Female,0,39,Yes,Fiber optic,37.63,1146.83,Yes
CUST00150,Female,0,30,No,No,59.7,1976.42,No
CUST00151,Female,0,60,No,No,47.44,2502.5,No
CUST00152,Female,0,37,Yes,DSL,22.42,575.6,No
CUST00153,Female,0,41,Yes,No,28.52,964.26,No
CUST00154,Male,1,3,No,Fiber optic,109.41,307.01,No
CUST00155,Male,0,27,Yes,DSL,91.71,2216.62,No
CUST00156,Female,0,47,Yes,DSL,22.36,1360.11,No
CUST00157,Female,0,51,No,DSL,67.96,3212.46,No
CUST00158,Female,0,10,No,DSL,101.47,929.79,Yes
CUST00159,Female,0,49,No,DSL,33.42,1286.16,No
CUST00160,Female,1,8,No,Fiber optic,82.93,719.18,No
CUST00161,Male,1,1,No,Fiber optic,75.87,67.82,Yes
CUST00162,Female,0,12,No,Fiber optic,26.84,253.85,No
CUST00163,Female,1,3,No,Fiber optic,107.72,331.46,No
CUST00164,Female,0,2,Yes,No,83.96,161.82,No
CUST00165,Female,0,34,No,DSL,75.26,2800.59,No
CUST00166,Female,0,59,No,Fiber optic,37.43,2398.37,Yes
CUST00167,Male,1,8,Yes,DSL,87.69,702.48,Yes
CUST00168,Female,0,11,No,Fiber optic,67.47,729.53,Yes
CUST00169,Female,0,62,No,DSL,97.14,5644.8,No
CUST00170,Male,1,2,No,No,86.32,163.46,No
CUST00171,Female,0,4,No,DSL,95.89,395.09,No
CUST00172,Female,0,41,No,DSL,97.96,4347.63,No
CUST00173,Male,0,30,No,Fiber optic,28.89,1069.04,No
CUST00174,Female,0,6,Yes,DSL,65.17,394.11,No
CUST00175,Female,0,9,Yes,No,75.19,720.34,No
CUST00176,Male,0,2,Yes,Fiber optic,63.1,109.69,No
CUST00177,Male,0,10,Yes,Fiber optic,83.58,815.71,Yes
CUST00178,Female,0,7,No,DSL,93.56,609.5,No
CUST00179,Male,1,8,Yes,No,91.96,768.54,Yes
CUST00180,Female,0,12,No,No,95.46,1160.45,No
CUST00181,Female,0,0,Yes,DSL,79.89,,No
CUST00182,Male,0,25,No,DSL,70.56,1825.21,No
CUST00183,Female,0,43,No,DSL,64.23,3178.3,No
CUST00184,Male,0,47,Yes,DSL,73.03,3687.1,No
CUST00185,Female,1,7,Yes,DSL,98.92,713.7,Yes
CUST00186,Male,0,66,Yes,Fiber optic,40.56,2838.49,No
CUST00187,Male,0,11,No,Fiber optic,73.99,713.78,Yes
CUST00188,Female,1,14,Yes,DSL,89.06,1240.52,No
CUST00189,Female,0,50,Yes,DSL,72.24,3827.86,No
CUST00190,Male,0,6,No,DSL,83.25,493.04,No
CUST00191,Male,0,33,No,Fiber optic,64.2,2324.33,No
CUST00192,Female,0,31,No,Fiber optic,42.58,1323.34,No
CUST00193,Female,1,9,Yes,Fiber optic,88.57,730.65,No
CUST00194,Male,0,32,Yes,Fiber optic,62.55,2251.1,No
CUST00195,Male,0,62,Yes,No,60.89,4267.36,No
CUST00196,Male,0,11,No,DSL,63.07,777.68,No
CUST00197,Male,0,40,No,DSL,64.46,2924.53,No
CUST00198,Male,0,47,No,Fiber optic,79.16,4112.15,No
CUST00199,Female,0,17,No,DSL,60.47,979.35,No
CUST00200,Female,0,10,Yes,Fiber optic,107.06,1025.55,Yes
CUST00201,Male,0,25,Yes,Fiber optic,73.82,1742.56,No
CUST00202,Female,0,16,Yes,No,32.55,497.23,No
CUST00203,Female,0,16,No,Fiber optic,84.88,1286.58,No
CUST00204,Female,0,30,No,DSL,25.82,960.52,No
CUST00205,Male,1,33,Yes,DSL,49.63,1710.14,No
CUST00206,Male,0,0,No,No,81.51,,No
CUST00207,Female,0,2,No,Fiber optic,95.71,194.31,Yes
CUST00208,Male,1,70,Yes,DSL,56.56,4212.12,No
CUST00209,Male,0,19,Yes,DSL,80.14,1367.36,No
CUST00210,Female,0,11,No,Fiber optic,98.4,1045.31,Yes
CUST00211,Male,0,0,Yes,Fiber optic,107.37,,Yes
CUST00212,Female,0,26,Yes,DSL,87.42,2330.06,No
CUST00213,Female,0,70,Yes,Fiber optic,75.5,5243.79,No
CUST00214,Male,0,38,Yes,DSL,31.74,1117.08,No
CUST00215,Male,0,34,No,Fiber optic,95.91,3325.66,Yes
CUST00216,Male,1,2,No,DSL,89.63,171.99,No
CUST00217,Male,0,11,No,Fiber optic,64.16,616.42,Yes
CUST00218,Male,0,61,Yes,No,52.12,3615.59,No
CUST00219,Male,1,55,Yes,Fiber optic,48.58,2376.86,No
CUST00220,Female,0,68,Yes,Fiber optic,49.4,3863.24,Yes
CUST00221,Male,1,8,Yes,No,75.1,646.27,No
CUST00222,Female,0,8,Yes,DSL,97.72,750.73,Yes
CUST00223,Male,0,10,No,Fiber optic,75.73,706.33,Yes
CUST00224,Male,0,49,No,No,86.95,3901.26,No
CUST00225,Female,0,48,Yes,Fiber optic,73.57,3064.82,Yes
CUST00226,Male,0,3,Yes,DSL,104.77,313.95,No
CUST00227,Female,0,41,Yes,DSL,56.19,2359.2,No
CUST00228,Female,0,4,Yes,DSL,94.74,367.22,Yes
CUST00229,Female,1,19,Yes,No,47.35,743.54,No
CUST00230,Female,0,51,No,No,72.88,4172.77,No
CUST00231,Female,0,8,Yes,DSL,78.67,556.64,Yes
CUST00232,Female,0,28,No,No,65.66,1651.3,No
CUST00233,Female,0,4,No,No,67.14,231.96,No
CUST00234,Female,0,26,Yes,Fiber optic,60.64,1629.07,No
CUST00235,Female,0,14,No,DSL,95.63,1367.63,No
CUST00236,Male,0,14,Yes,No,98.53,1446.74,No
CUST00237,Female,0,12,No,DSL,70.75,820.24,No
CUST00238,Female,0,66,Yes,DSL,43.31,2787.37,No
CUST00239,Male,1,63,No,Fiber optic,40.0,1944.6,No
CUST00240,Female,0,40,Yes,DSL,63.05,2616.8,No
CUST00241,Female,0,64,Yes,Fiber optic,91.39,5711.67,No
CUST00242,Female,0,22,Yes,Fiber optic,33.15,,Yes
CUST00243,Female,0,2,No,DSL,107.98,207.4,Yes
CUST00244,Male,0,54,No,DSL,98.12,5779.39,No
CUST00245,Female,0,1,No,Fiber optic,79.09,87.74,No
CUST00246,Male,0,1,Yes,DSL,79.73,80.6,No
CUST00247,Female,0,58,No,Fiber optic,60.84,3351.35,No
CUST00248,Male,0,4,No,No,76.69,282.02,No
CUST00249,Female,0,62,Yes,Fiber optic,97.99,5587.4,No
CUST00250,Male,0,34,Yes,No,37.88,1147.77,No
CUST00251,Female,0,0,No,Fiber optic,68.18,,Yes
CUST00252,Male,0,3,No,Fiber optic,107.62,351.61,Yes
CUST00253,Male,0,11,Yes,DSL,89.08,874.34,No
CUST00254,Male,0,5,No,Fiber optic,99.99,492.28,Yes
CUST00255,Male,0,59,No,Fiber optic,57.74,3901.1,No
CUST00256,Female,0,68,Yes,DSL,92.98,6659.21,No
CUST00257,Female,0,3,No,No,93.13,267.73,Yes
CUST00258,Female,0,19,Yes,DSL,57.27,1176.49,No
CUST00259,Female,0,68,No,DSL,64.84,4957.05,No
CUST00260,Male,0,42,No,Fiber optic,92.81,3733.42,No
CUST00261,Female,0,63,No,DSL,42.58,3131.71,No
CUST00262,Male,0,7,Yes,DSL,86.15,549.7,Yes
CUST00263,Female,0,49,No,No,28.13,,No
CUST00264,Male,1,37,Yes,DSL,90.86,3644.6,Yes
CUST00265,Male,0,55,Yes,DSL,84.62,5060.95,No
CUST00266,Male,0,23,Yes,No,75.82,1663.63,No
CUST00267,Male,0,6,No,Fiber optic,108.21,695.81,No
CUST00268,Female,0,0,No,Fiber optic,101.12,,No
CUST00269,Female,0,38,No,Fiber optic,31.72,1127.66,No
CUST00270,Female,0,2,Yes,Fiber optic,100.42,196.15,No
CUST00271,Male,0,64,No,DSL,74.01,4931.46,No
CUST00272,Male,0,23,No,DSL,40.54,1034.96,No
CUST00273,Female,1,26,Yes,Fiber optic,80.84,,Yes
CUST00274,Female,0,11,Yes,DSL,109.67,1237.46,Yes
CUST00275,Male,1,42,Yes,DSL,97.27,3788.31,No
CUST00276,Female,0,12,No,Fiber optic,80.28,1062.95,Yes
CUST00277,Male,0,4,No,DSL,80.23,358.19,Yes
CUST00278,Male,0,27,Yes,Fiber optic,74.06,2066.71,No
CUST00279,Female,0,55,No,Fiber optic,71.26,3649.93,No
CUST00280,Female,0,2,Yes,Fiber optic,101.03,204.32,Yes
CUST00281,Male,0,63,No,No,25.68,1243.72,No
CUST00282,Female,0,4,Yes,DSL,80.59,,Yes
CUST00283,Male,0,26,No,DSL,80.78,2068.71,No
CUST00284,Female,1,31,Yes,Fiber optic,46.73,,No
CUST00285,Male,1,69,Yes,DSL,29.9,2634.97,No
CUST00286,Female,0,7,Yes,DSL,74.36,544.41,Yes
CUST00287,Male,0,35,Yes,DSL,46.04,1304.26,No
CUST00288,Male,1,32,No,No,88.42,2852.72,Yes
CUST00289,Male,0,0,Yes,DSL,103.88,,Yes
CUST00290,Male,0,55,Yes,Fiber optic,20.33,1402.21,Yes
CUST00291,Male,0,11,No,DSL,93.47,944.98,No
CUST00292,Male,1,62,No,Fiber optic,70.49,3981.05,No
CUST00293,Male,0,60,Yes,No,70.86,,No
CUST00294,Male,0,23,Yes,No,45.86,1111.8,No
CUST00295,Male,0,46,No,No,30.78,1357.57,No
CUST00296,Male,0,66,Yes,No,24.64,1501.77,No
CUST00297,Female,0,69,No,DSL,27.9,2041.96,No
CUST00298,Female,0,10,No,DSL,82.44,836.73,Yes
CUST00299,Female,0,2,No,No,96.26,,Yes
CUST00300,Female,0,45,Yes,Fiber optic,70.7,3388.81,No
CUST00301,Female,0,70,No,Fiber optic,30.24,2572.04,Yes
CUST00302,Male,0,12,No,Fiber optic,52.33,684.75,No
CUST00303,Female,0,45,Yes,Fiber optic,83.15,3869.48,No
CUST00304,Male,1,35,No,Fiber optic,69.33,2416.3,No
CUST00305,Female,1,10,No,Fiber optic,80.01,876.17,No
CUST00306,Female,0,9,No,DSL,76.34,674.36,No
CUST00307,Male,0,22,Yes,DSL,57.2,1056.28,No
CUST00308,Male,1,18,No,No,39.74,772.61,Yes
CUST00309,Male,0,44,Yes,DSL,35.88,1821.93,No
CUST00310,Female,0,52,No,No,67.82,3761.46,No
CUST00311,Male,0,8,No,Fiber optic,63.75,455.17,No
CUST00312,Male,0,37,Yes,DSL,98.8,3923.36,No
CUST00313,Male,0,23,No,DSL,61.5,1636.69,No
CUST00314,Female,0,69,Yes,Fiber optic,44.46,,No
CUST00315,Female,0,7,Yes,Fiber optic,68.69,500.99,Yes
CUST00316,Male,1,25,No,No,31.97,686.22,Yes
CUST00317,Male,0,56,Yes,No,76.5,4171.3,No
CUST00318,Female,0,54,No,No,72.35,3934.69,No
CUST00319,Male,0,46,No,DSL,42.2,1868.67,No
CUST00320,Male,0,71,Yes,DSL,71.49,5768.41,No
CUST00321,Female,0,28,No,DSL,34.98,719.36,No
CUST00322,Male,0,1,No,Fiber optic,86.28,86.29,Yes
CUST00323,Male,1,10,No,DSL,96.08,1030.52,Yes
CUST00324,Male,0,48,Yes,Fiber optic,34.54,1940.43,No
CUST00325,Female,0,10,Yes,Fiber optic,92.96,980.15,No
CUST00326,Female,0,27,Yes,No,42.07,943.83,No
CUST00327,Female,0,10,Yes,No,77.99,735.78,No
CUST00328,Male,0,20,No,No,20.13,384.1,No
CUST00329,Female,1,12,No,No,27.89,451.3,No
CUST00330,Female,1,26,Yes,No,38.62,1094.73,No
CUST00331,Male,0,71,No,No,41.67,2686.33,No
CUST00332,Male,0,51,Yes,No,93.22,4404.89,No
CUST00333,Female,0,1,Yes,Fiber optic,96.27,106.05,Yes
CUST00334,Female,0,6,Yes,DSL,103.25,601.39,No
CUST00335,Male,1,4,Yes,DSL,64.06,220.37,Yes
CUST00336,Male,0,1,No,DSL,62.23,58.89,No
CUST00337,Female,0,66,No,Fiber optic,77.69,5070.23,No
CUST00338,Male,0,18,No,DSL,64.51,1052.69,No
CUST00339,Female,0,70,Yes,DSL,53.9,3357.06,No
CUST00340,Male,0,33,Yes,No,26.21,1132.93,No
CUST00341,Female,0,7,Yes,No,100.77,730.24,Yes
CUST00342,Female,0,7,No,Fiber optic,65.26,426.39,No
CUST00343,Male,0,29,Yes,DSL,83.67,,No
CUST00344,Male,0,14,No,Fiber optic,76.28,1016.81,No
CUST00345,Male,1,12,No,No,62.29,656.2,No
CUST00346,Male,1,12,No,DSL,20.05,161.32,No
CUST00347,Male,1,5,No,No,80.29,377.09,No
CUST00348,Male,0,69,Yes,DSL,80.74,5337.94,No
CUST00349,Female,0,5,No,No,88.19,418.09,Yes
CUST00350,Female,0,69,Yes,Fiber optic,64.77,4236.68,Yes
CUST00351,Female,0,65,Yes,Fiber optic,82.18,4746.82,No
CUST00352,Male,0,6,No,DSL,75.93,499.94,No
CUST00353,Male,0,16,Yes,No,61.4,887.82,No
CUST00354,Female,0,62,Yes,Fiber optic,66.68,4062.28,No
CUST00355,Female,0,5,Yes,DSL,98.47,530.84,Yes
CUST00356,Male,0,6,No,DSL,95.09,584.71,Yes
CUST00357,Female,0,4,No,No,96.5,414.51,Yes
CUST00358,Female,1,47,Yes,No,87.75,4300.11,No
CUST00359,Male,0,8,No,No,77.28,668.71,No
CUST00360,Female,0,8,Yes,DSL,69.78,551.9,No
CUST00361,Female,0,51,Yes,Fiber optic,57.96,3060.11,No
CUST00362,Female,1,9,Yes,DSL,85.03,685.07,Yes
CUST00363,Female,0,42,Yes,DSL,58.26,2517.48,No
CUST00364,Female,1,43,No,Fiber optic,97.37,4177.19,Yes
CUST00365,Male,0,49,Yes,No,48.56,2623.09,No
CUST00366,Female,0,52,Yes,DSL,53.96,3308.59,No
CUST00367,Female,0,43,No,Fiber optic,92.06,,No
CUST00368,Female,0,21,Yes,Fiber optic,62.87,1234.72,No
CUST00369,Female,0,46,Yes,DSL,71.27,3501.7,No
CUST00370,Male,0,7,Yes,Fiber optic,92.38,667.05,Yes
CUST00371,Male,0,14,Yes,Fiber optic,95.61,1401.2,Yes
CUST00372,Male,0,0,Yes,No,67.07,,No
CUST00373,Female,0,3,No,Fiber optic,70.2,230.14,Yes
CUST00374,Female,1,30,Yes,Fiber optic,29.28,,No
CUST00375,Female,0,4,No,DSL,89.25,368.05,No
CUST00376,Female,0,5,No,Fiber optic,69.9,367.64,Yes
CUST00377,Male,0,0,Yes,DSL,93.19,,No
CUST00378,Male,0,17,Yes,DSL,96.49,1621.61,No
CUST00379,Male,0,43,Yes,DSL,55.78,2802.84,No
CUST00380,Female,1,29,No,Fiber optic,55.17,1536.95,Yes
CUST00381,Male,0,4,No,Fiber optic,77.37,285.87,No
CUST00382,Female,0,44,Yes,DSL,43.12,2170.07,No
CUST00383,Female,0,1,Yes,DSL,107.51,100.32,No
CUST00384,Female,1,62,No,Fiber optic,54.63,3546.01,No
CUST00385,Female,1,34,No,DSL,36.94,1348.18,Yes
CUST00386,Female,0,56,Yes,DSL,55.08,3475.11,No
CUST00387,Male,0,22,No,Fiber optic,82.79,1808.43,No
CUST00388,Female,0,12,No,DSL,49.45,590.71,No
CUST00389,Female,0,28,Yes,Fiber optic,30.46,908.72,Yes
CUST00390,Male,0,68,Yes,DSL,96.65,6662.05,No
CUST00391,Male,0,11,No,DSL,98.38,983.66,No
CUST00392,Male,1,36,Yes,No,23.45,818.75,No
CUST00393,Male,1,28,No,Fiber optic,85.0,2493.71,No
CUST00394,Male,0,0,No,DSL,69.03,,No
CUST00395,Female,0,11,No,No,63.14,728.77,No
CUST00396,Male,0,52,Yes,Fiber optic,53.72,2869.39,Yes
CUST00397,Female,1,2,Yes,Fiber optic,98.3,210.22,Yes
CUST00398,Male,0,52,Yes,Fiber optic,97.38,5285.99,No
CUST00399,Male,0,46,Yes,DSL,43.96,2458.01,No
CUST00400,Female,0,62,Yes,DSL,67.67,4277.67,No
CUST00401,Female,0,22,No,DSL,55.04,1318.1,No
CUST00402,Female,0,7,Yes,Fiber optic,65.26,438.68,Yes
CUST00403,Female,0,32,No,No,96.77,2815.61,No
CUST00404,Female,1,37,Yes,Fiber optic,82.72,3264.99,No
CUST00405,Female,1,54,No,DSL,67.16,3261.87,No
CUST00406,Female,0,69,No,DSL,52.42,3127.8,No
CUST00407,Male,0,25,No,DSL,71.22,1860.39,No
CUST00408,Female,0,30,Yes,DSL,36.9,1137.29,No
CUST00409,Male,0,1,Yes,DSL,85.75,81.28,Yes
CUST00410,Male,1,37,Yes,Fiber optic,91.34,3511.36,Yes
CUST00411,Male,1,13,Yes,No,55.71,613.74,Yes
CUST00412,Male,0,2,Yes,DSL,67.76,134.15,No
CUST00413,Male,1,35,No,No,28.16,1068.52,Yes
CUST00414,Female,0,38,Yes,No,76.02,2764.54,No
CUST00415,Male,0,60,No,DSL,45.04,3099.38,No
CUST00416,Female,0,5,Yes,DSL,98.86,460.51,Yes
CUST00417,Male,0,18,No,Fiber optic,66.03,1333.26,Yes
CUST00418,Male,1,2,No,Fiber optic,103.06,213.78,Yes
CUST00419,Male,0,6,Yes,Fiber optic,107.38,637.39,Yes
CUST00420,Male,0,10,No,Fiber optic,74.73,684.27,No
CUST00421,Female,0,7,No,No,109.92,823.32,Yes
CUST00422,Male,0,71,Yes,Fiber optic,52.56,3872.22,Yes
CUST00423,Male,0,37,Yes,Fiber optic,99.82,3762.26,Yes
CUST00424,Male,0,54,Yes,DSL,44.48,2846.49,No
CUST00425,Male,0,28,Yes,Fiber optic,39.8,1287.14,No
CUST00426,Male,0,30,Yes,Fiber optic,77.4,2455.68,No
CUST00427,Male,0,53,No,Fiber optic,79.62,3840.63,No
CUST00428,Female,0,0,Yes,No,77.35,,Yes
CUST00429,Male,1,12,Yes,DSL,69.09,856.68,No
CUST00430,Male,0,60,Yes,DSL,95.46,5831.32,No
CUST00431,Male,1,27,Yes,Fiber optic,56.87,1438.55,Yes
CUST00432,Male,1,43,Yes,Fiber optic,53.46,2378.83,No
CUST00433,Female,0,14,No,Fiber optic,28.05,469.47,No
CUST00434,Male,0,12,Yes,No,37.15,428.66,No
CUST00435,Female,0,7,No,DSL,102.61,696.53,Yes
CUST00436,Female,0,7,No,Fiber optic,92.47,649.36,No
CUST00437,Male,0,33,Yes,Fiber optic,23.83,822.02,No
CUST00438,Female,0,11,Yes,DSL,96.95,1156.95,No
CUST00439,Male,0,3,No,No,108.95,309.37,Yes
CUST00440,Male,0,13,Yes,Fiber optic,88.09,1220.82,No
CUST00441,Male,0,63,No,Fiber optic,81.38,4642.22,Yes
CUST00442,Female,0,26,Yes,DSL,28.2,850.28,No
CUST00443,Female,0,11,Yes,Fiber optic,66.29,777.48,Yes
CUST00444,Female,0,8,Yes,DSL,60.88,470.16,No
CUST00445,Male,1,32,No,DSL,29.84,,No
CUST00446,Male,0,37,Yes,DSL,46.71,2083.84,No
CUST00447,Female,0,41,No,DSL,91.25,3801.68,No
CUST00448,Male,1,30,No,DSL,79.29,2547.62,No
CUST00449,Male,0,46,No,DSL,97.81,4789.38,No
CUST00450,Male,0,3,Yes,Fiber optic,79.34,224.79,Yes
CUST00451,Female,1,63,Yes,Fiber optic,99.6,5937.54,Yes
CUST00452,Male,1,11,Yes,Fiber optic,65.77,751.15,No
CUST00453,Male,1,11,No,Fiber optic,91.79,1017.57,No
CUST00454,Male,0,66,No,Fiber optic,69.39,5220.18,No
CUST00455,Female,0,47,Yes,No,67.09,2713.6,No
CUST00456,Male,1,6,No,DSL,84.37,515.46,No
CUST00457,Male,1,29,No,DSL,69.24,2142.93,No
CUST00458,Male,0,68,Yes,Fiber optic,94.42,5827.27,No
CUST00459,Female,0,6,Yes,Fiber optic,85.24,553.15,Yes
CUST00460,Male,0,25,Yes,No,45.43,1049.75,No
CUST00461,Male,0,1,Yes,DSL,78.47,73.96,Yes
CUST00462,Male,0,10,Yes,DSL,81.86,822.07,No
CUST00463,Male,1,12,Yes,DSL,76.1,820.18,No
CUST00464,Male,0,32,Yes,Fiber optic,69.81,1922.34,Yes
CUST00465,Male,0,10,Yes,DSL,60.92,644.71,No
CUST00466,Male,0,26,No,DSL,20.18,779.23,No
CUST00467,Male,0,30,No,DSL,39.17,877.25,No
CUST00468,Male,1,58,Yes,DSL,74.62,4116.41,No
CUST00469,Male,0,12,No,Fiber optic,75.63,1006.77,Yes
CUST00470,Male,0,0,No,Fiber optic,67.67,,No
CUST00471,Male,0,70,Yes,Fiber optic,33.79,2559.23,No
CUST00472,Female,0,7,Yes,DSL,88.63,671.99,No
CUST00473,Female,0,6,No,DSL,102.73,605.06,Yes
CUST00474,Male,0,71,No,DSL,42.48,2939.73,No
CUST00475,Female,1,3,Yes,No,106.44,321.45,Yes
CUST00476,Male,0,4,Yes,DSL,80.38,361.05,No
CUST00477,Female,0,9,Yes,Fiber optic,76.05,644.89,Yes
CUST00478,Male,0,62,Yes,DSL,72.54,4588.95,No
CUST00479,Female,1,9,Yes,DSL,103.69,1021.23,No
CUST00480,Male,1,8,Yes,DSL,63.26,513.96,No
CUST00481,Female,0,5,No,Fiber optic,99.26,532.78,Yes
CUST00482,Female,0,43,No,Fiber optic,51.96,2652.05,No
CUST00483,Female,0,4,Yes,DSL,88.93,348.89,Yes
CUST00484,Male,0,1,No,DSL,72.99,79.31,Yes
CUST00485,Female,1,1,Yes,DSL,67.54,76.02,No
CUST00486,Male,0,4,Yes,Fiber optic,61.29,243.81,No
CUST00487,Male,0,50,Yes,DSL,24.82,1083.39,No
CUST00488,Female,0,41,No,No,94.49,3523.13,No
CUST00489,Male,0,50,No,Fiber optic,92.18,4397.95,No
CUST00490,Male,0,12,Yes,Fiber optic,32.05,335.83,Yes
CUST00491,Male,0,17,Yes,Fiber optic,53.59,879.38,Yes
CUST00492,Female,0,44,No,Fiber optic,37.88,1376.91,Yes
CUST00493,Female,0,12,Yes,Fiber optic,27.25,439.75,Yes
CUST00494,Female,1,4,No,Fiber optic,69.17,285.23,No
CUST00495,Female,0,59,No,Fiber optic,64.72,3264.45,No
CUST00496,Male,0,13,No,DSL,36.22,560.17,No
CUST00497,Female,0,19,No,Fiber optic,63.63,1313.33,No
CUST00498,Male,0,2,Yes,DSL,84.28,178.01,Yes
CUST00499,Male,0,12,Yes,DSL,76.74,847.6,No
CUST00500,Male,0,29,No,No,95.08,2468.89,No
CUST00501,Female,0,6,Yes,DSL,80.2,472.02,No
CUST00502,Female,0,63,Yes,DSL,62.36,3742.61,No
CUST00503,Male,1,14,Yes,DSL,47.57,675.63,No
CUST00504,Male,0,59,No,DSL,61.17,3983.15,No
CUST00505,Male,0,56,No,No,63.46,3952.06,No
CUST00506,Female,0,41,Yes,Fiber optic,25.61,819.44,Yes
CUST00507,Male,0,24,Yes,No,51.94,1391.15,No
CUST00508,Male,0,4,Yes,DSL,99.52,,Yes
CUST00509,Male,0,13,Yes,Fiber optic,75.18,903.95,Yes
CUST00510,Male,0,12,No,No,99.47,,No
CUST00511,Male,0,5,Yes,No,76.52,397.35,Yes
CUST00512,Male,0,7,No,DSL,69.46,427.35,No
CUST00513,Male,1,68,No,DSL,57.23,3903.75,Yes
CUST00514,Female,0,24,Yes,Fiber optic,27.27,652.97,Yes
CUST00515,Female,0,70,Yes,No,74.04,5130.75,No
CUST00516,Female,1,58,Yes,Fiber optic,71.31,4463.5,Yes
CUST00517,Male,0,32,Yes,Fiber optic,24.91,888.3,Yes
CUST00518,Male,0,43,Yes,DSL,48.02,1885.79,No
CUST00519,Male,0,12,No,DSL,97.0,1138.77,No
CUST00520,Male,0,60,No,Fiber optic,49.75,3349.54,Yes
CUST00521,Male,0,44,Yes,Fiber optic,89.63,4021.6,No
CUST00522,Male,0,8,No,Fiber optic,102.51,788.79,Yes
CUST00523,Female,0,13,No,DSL,74.65,992.38,No
CUST00524,Female,0,34,No,DSL,48.14,1482.76,No
CUST00525,Male,0,13,Yes,Fiber optic,47.26,552.63,No
CUST00526,Female,1,60,No,No,32.97,2263.45,No
CUST00527,Female,0,6,Yes,DSL,77.92,486.63,No
CUST00528,Female,0,53,No,Fiber optic,99.39,5669.98,Yes
CUST00529,Female,0,4,No,Fiber optic,105.84,417.1,Yes
CUST00530,Female,1,1,No,DSL,73.59,,Yes
CUST00531,Female,0,39,Yes,DSL,88.65,3719.8,No
CUST00532,Female,0,9,Yes,DSL,107.6,931.01,Yes
CUST00533,Female,0,53,No,Fiber optic,67.33,3141.35,No
CUST00534,Female,1,10,Yes,DSL,99.86,1096.96,No
CUST00535,Female,0,8,No,Fiber optic,102.18,,Yes
CUST00536,Female,0,16,No,Fiber optic,89.23,,No
CUST00537,Male,1,45,No,DSL,41.75,1446.47,No
CUST00538,Male,0,65,Yes,DSL,42.87,3205.28,No
CUST00539,Female,0,37,No,Fiber optic,84.09,2993.93,No
CUST00540,Female,0,15,No,DSL,81.54,1310.33,No
CUST00541,Female,0,57,No,DSL,62.5,3371.7,No
CUST00542,Male,1,15,Yes,Fiber optic,32.69,619.56,No
CUST00543,Female,0,48,Yes,DSL,84.24,3669.25,No
CUST00544,Female,1,5,Yes,DSL,81.33,363.33,Yes
CUST00545,Male,0,10,No,DSL,105.82,1127.59,Yes
CUST00546,Female,1,42,Yes,Fiber optic,41.55,1632.4,No
CUST00547,Female,0,5,Yes,No,92.17,466.81,No
CUST00548,Male,0,49,No,Fiber optic,26.81,884.04,No
CUST00549,Female,0,39,No,No,30.49,1318.97,No
CUST00550,Female,0,3,No,DSL,97.41,296.24,No
CUST00551,Female,0,11,No,Fiber optic,107.02,1093.36,No
CUST00552,Female,1,15,No,Fiber optic,67.48,1028.39,Yes
CUST00553,Male,0,5,Yes,DSL,72.52,326.65,Yes
CUST00554,Female,0,47,No,Fiber optic,52.11,2107.8,No
CUST00555,Male,1,7,Yes,Fiber optic,81.71,506.92,Yes
CUST00556,Male,0,15,Yes,No,97.88,1561.04,No
CUST00557,Male,0,12,No,DSL,59.07,728.12,No
CUST00558,Male,1,27,No,No,83.44,2160.32,No
CUST00559,Female,0,33,Yes,No,50.17,1431.59,No
CUST00560,Male,1,12,Yes,No,21.22,312.9,No
CUST00561,Female,1,9,No,Fiber optic,105.91,971.79,No
CUST00562,Female,0,67,No,DSL,25.89,1685.1,No
CUST00563,Female,0,1,No,DSL,62.32,54.0,No
CUST00564,Female,0,19,Yes,DSL,53.28,1058.53,No
CUST00565,Female,0,3,Yes,No,66.62,222.74,No
CUST00566,Male,0,62,No,Fiber optic,62.78,4070.32,Yes
CUST00567,Female,0,43,Yes,Fiber optic,79.12,3428.09,No
CUST00568,Female,0,6,No,DSL,74.52,430.85,Yes
CUST00569,Female,0,4,No,DSL,78.31,283.63,No
CUST00570,Female,0,44,No,DSL,59.67,2933.34,No
CUST00571,Male,0,11,Yes,No,97.0,975.06,Yes
CUST00572,Male,1,25,Yes,DSL,34.14,702.87,No
CUST00573,Male,0,20,Yes,Fiber optic,99.41,2096.83,No
CUST00574,Male,1,22,No,Fiber optic,71.77,1694.6,No
CUST00575,Male,0,8,Yes,DSL,73.67,543.8,Yes
CUST00576,Male,0,11,No,DSL,70.29,691.73,No
CUST00577,Male,0,6,Yes,DSL,92.72,503.94,Yes
CUST00578,Male,0,13,Yes,DSL,66.56,984.48,No
CUST00579,Female,0,5,Yes,Fiber optic,95.01,481.46,No
CUST00580,Female,0,42,Yes,DSL,97.26,4284.68,No
CUST00581,Male,0,44,No,DSL,54.54,2112.34,No
CUST00582,Female,0,54,No,No,72.28,3437.82,No
CUST00583,Male,0,2,No,Fiber optic,67.17,121.45,No
CUST00584,Female,0,3,Yes,Fiber optic,96.37,309.75,Yes
CUST00585,Female,1,55,No,Fiber optic,65.93,3678.81,No
CUST00586,Male,1,8,No,DSL,81.21,608.24,Yes
CUST00587,Male,0,43,No,No,44.0,1954.41,No
CUST00588,Female,0,6,Yes,DSL,70.84,443.62,No
CUST00589,Female,0,64,Yes,Fiber optic,82.03,4867.66,Yes
CUST00590,Male,0,9,No,Fiber optic,95.06,865.96,Yes
CUST00591,Male,0,11,Yes,No,80.42,957.46,Yes
CUST00592,Female,0,5,No,Fiber optic,108.71,494.78,No
CUST00593,Female,1,10,No,DSL,62.08,659.53,No
CUST00594,Female,1,67,Yes,DSL,89.39,5795.38,Yes
CUST00595,Female,0,17,No,DSL,27.62,362.93,No
CUST00596,Female,0,69,No,Fiber optic,27.87,2210.8,No
CUST00597,Male,0,6,No,DSL,78.73,521.85,Yes
CUST00598,Female,0,27,No,Fiber optic,94.51,2646.77,No
CUST00599,Male,0,53,Yes,Fiber optic,48.37,2490.25,No
CUST00600,Male,0,65,No,DSL,42.77,3064.1,No
CUST00601,Male,0,39,No,DSL,57.92,1945.04,No
CUST00602,Female,1,2,Yes,No,77.08,151.76,No
CUST00603,Male,0,20,Yes,DSL,51.12,1133.61,No
CUST00604,Female,0,4,Yes,DSL,95.09,401.82,Yes
CUST00605,Male,0,8,Yes,No,96.58,825.6,No
CUST00606,Female,0,2,No,Fiber optic,107.54,217.43,No
CUST00607,Male,1,11,Yes,Fiber optic,83.43,907.9,No
CUST00608,Female,0,61,Yes,DSL,53.7,3660.1,No
CUST00609,Male,1,12,No,Fiber optic,28.64,242.0,Yes
CUST00610,Female,0,4,No,Fiber optic,79.42,290.14,Yes
CUST00611,Male,1,7,No,DSL,90.31,622.71,No
CUST00612,Female,0,24,No,Fiber optic,75.58,1995.95,Yes
CUST00613,Male,0,3,Yes,DSL,92.0,295.45,Yes
CUST00614,Female,0,49,Yes,Fiber optic,38.44,2360.13,No
CUST00615,Female,0,24,Yes,Fiber optic,24.08,381.06,No
CUST00616,Female,0,48,Yes,Fiber optic,81.24,3506.39,No
CUST00617,Male,0,3,No,Fiber optic,105.9,338.29,No
CUST00618,Female,0,1,Yes,DSL,93.85,91.44,No
CUST00619,Female,0,1,No,DSL,100.22,108.04,Yes
CUST00620,Male,0,0,No,DSL,93.25,,No
CUST00621,Male,0,20,Yes,Fiber optic,29.5,528.72,No
CUST00622,Female,0,9,Yes,No,73.9,,No
CUST00623,Female,0,9,Yes,DSL,65.33,585.14,No
CUST00624,Female,0,8,No,Fiber optic,108.97,921.12,Yes
CUST00625,Female,1,8,Yes,Fiber optic,104.37,884.24,Yes
CUST00626,Female,0,4,No,Fiber optic,79.72,280.47,Yes
CUST00627,Male,0,52,Yes,No,22.51,927.77,No
CUST00628,Female,0,11,Yes,DSL,100.36,1204.21,No
CUST00629,Male,0,49,Yes,Fiber optic,21.91,1363.65,No
CUST00630,Female,0,3,Yes,DSL,81.65,257.88,Yes
CUST00631,Male,0,14,Yes,DSL,60.34,834.77,No
CUST00632,Female,0,3,No,Fiber optic,105.23,316.62,Yes
CUST00633,Female,1,44,No,Fiber optic,89.42,3550.98,Yes
CUST00634,Female,0,8,No,DSL,89.64,731.09,No
CUST00635,Male,0,6,No,DSL,108.24,644.59,No
CUST00636,Male,0,37,No,DSL,50.32,2189.29,No
CUST00637,Male,0,2,No,Fiber optic,94.84,196.77,Yes
CUST00638,Female,1,1,Yes,DSL,89.7,82.12,No
CUST00639,Male,0,53,No,Fiber optic,79.39,3946.04,Yes
CUST00640,Male,0,17,No,DSL,73.0,1406.68,No
CUST00641,Female,0,0,Yes,No,103.72,,Yes
CUST00642,Male,0,41,No,Fiber optic,32.51,1561.37,No
CUST00643,Male,0,53,No,Fiber optic,83.78,4712.71,No
CUST00644,Male,1,9,Yes,Fiber optic,88.52,780.4,Yes
CUST00645,Male,0,22,No,No,38.43,782.71,No
CUST00646,Female,1,12,Yes,Fiber optic,45.68,528.16,Yes
CUST00647,Male,0,9,Yes,Fiber optic,60.58,574.78,No
CUST00648,Male,0,46,No,DSL,72.96,3614.76,No
CUST00649,Male,0,15,No,No,49.46,639.46,No
CUST00650,Female,0,21,Yes,DSL,76.52,1466.35,No
CUST00651,Male,1,26,Yes,DSL,53.84,1214.48,No
CUST00652,Female,1,16,Yes,DSL,23.11,305.11,No
CUST00653,Female,0,46,Yes,Fiber optic,41.29,2144.84,Yes
CUST00654,Male,0,4,Yes,DSL,82.31,297.11,Yes
CUST00655,Female,0,9,Yes,DSL,102.73,880.94,Yes
CUST00656,Male,0,10,Yes,No,96.38,1028.67,Yes
CUST00657,Female,1,25,Yes,Fiber optic,78.14,2069.18,Yes
CUST00658,Female,0,7,Yes,No,86.36,611.61,Yes
CUST00659,Female,0,33,No,DSL,72.03,2704.06,No
CUST00660,Female,0,57,Yes,Fiber optic,93.03,5598.03,No
CUST00661,Male,0,67,No,DSL,96.3,6882.08,No
CUST00662,Female,0,37,No,Fiber optic,94.95,3519.23,No
CUST00663,Female,0,0,Yes,DSL,69.63,,No
CUST00664,Male,0,10,Yes,DSL,93.74,871.15,No
CUST00665,Male,0,20,Yes,Fiber optic,76.77,1512.68,No
CUST00666,Male,0,0,Yes,Fiber optic,63.63,,No
CUST00667,Male,0,59,Yes,Fiber optic,94.81,5812.77,No
CUST00668,Female,0,16,Yes,DSL,79.81,1201.74,No
CUST00669,Female,0,21,No,DSL,56.91,1239.97,No
CUST00670,Male,0,0,Yes,No,76.53,,Yes
CUST00671,Male,0,25,Yes,DSL,65.31,1563.86,No
CUST00672,Female,1,30,Yes,Fiber optic,51.37,1323.45,No
CUST00673,Female,0,57,Yes,No,61.53,3198.7,No
CUST00674,Male,1,67,Yes,DSL,97.92,7001.22,Yes
CUST00675,Male,0,36,No,No,93.44,3527.86,No
CUST00676,Female,0,37,No,Fiber optic,54.06,1906.07,No
CUST00677,Male,1,52,No,No,34.48,1900.03,No
CUST00678,Female,0,70,Yes,DSL,66.53,4124.47,No
CUST00679,Female,0,57,Yes,Fiber optic,71.7,4327.31,No
CUST00680,Male,1,67,No,Fiber optic,59.86,4563.03,No
CUST00681,Female,0,10,No,Fiber optic,109.32,1069.88,No
CUST00682,Male,0,28,Yes,No,48.88,1102.96,No
CUST00683,Female,0,66,Yes,Fiber optic,41.69,2563.81,No
CUST00684,Male,1,6,Yes,DSL,101.38,573.71,No
CUST00685,Male,0,49,No,Fiber optic,33.75,1669.98,No
CUST00686,Male,1,50,Yes,No,85.95,4166.94,No
CUST00687,Male,0,59,No,DSL,21.28,896.6,No
CUST00688,Male,0,5,No,DSL,98.43,453.15,No
CUST00689,Female,0,6,No,No,106.5,616.5,No
CUST00690,Male,0,33,Yes,DSL,92.21,2893.48,No
CUST00691,Female,0,13,No,DSL,65.8,738.93,No
CUST00692,Male,0,25,Yes,No,46.3,1200.24,No
CUST00693,Male,0,63,No,Fiber optic,56.42,4170.57,Yes
CUST00694,Male,0,48,Yes,DSL,62.58,,No
CUST00695,Female,0,17,No,DSL,20.26,345.82,No
CUST00696,Male,0,11,Yes,DSL,90.71,918.09,No
CUST00697,Male,0,54,Yes,Fiber optic,63.65,3812.34,No
CUST00698,Male,0,70,No,DSL,27.37,2429.54,No
CUST00699,Male,0,21,No,DSL,24.11,647.81,No
CUST00700,Female,0,41,Yes,Fiber optic,40.02,1720.12,Yes
CUST00701,Female,1,38,No,Fiber optic,41.77,1355.19,No
CUST00702,Female,0,17,No,DSL,54.93,,No
CUST00703,Female,0,12,No,Fiber optic,46.41,550.31,No
CUST00704,Male,1,29,No,No,41.55,1007.26,No
CUST00705,Male,0,46,No,DSL,30.86,1599.73,No
CUST00706,Female,1,6,No,No,72.6,441.8,Yes
CUST00707,Male,1,54,Yes,No,87.28,5031.42,No
CUST00708,Male,0,38,Yes,DSL,60.02,,No
CUST00709,Male,0,0,No,DSL,69.24,,No
CUST00710,Female,0,65,Yes,DSL,99.06,6983.63,No
CUST00711,Male,0,18,No,Fiber optic,39.92,874.51,No
CUST00712,Male,1,63,Yes,Fiber optic,30.2,2236.93,Yes
CUST00713,Male,0,3,Yes,No,100.52,301.37,Yes
CUST00714,Male,0,34,Yes,DSL,38.9,1540.86,No
CUST00715,Female,0,20,No,DSL,25.17,494.52,No
CUST00716,Female,0,6,Yes,Fiber optic,72.69,481.94,Yes
CUST00717,Female,0,2,No,No,84.24,168.97,Yes
CUST00718,Female,0,44,No,DSL,68.9,,No
CUST00719,Female,0,3,Yes,No,107.4,301.66,Yes
CUST00720,Female,0,17,No,No,81.81,1377.26,No
CUST00721,Female,1,21,Yes,Fiber optic,88.09,1753.12,Yes
CUST00722,Male,0,59,No,No,73.95,4527.51,No
CUST00723,Female,0,8,Yes,Fiber optic,61.26,436.2,No
CUST00724,Female,0,40,No,No,54.89,2521.6,No
CUST00725,Female,0,15,Yes,No,55.34,818.81,No
CUST00726,Female,1,9,Yes,DSL,72.14,565.1,Yes
CUST00727,Male,0,64,Yes,DSL,36.21,2415.3,No
CUST00728,Male,0,60,Yes,DSL,92.92,5252.03,No
CUST00729,Male,0,67,Yes,Fiber optic,89.95,6381.54,No
CUST00730,Male,0,23,No,Fiber optic,90.93,2320.37,Yes
CUST00731,Female,0,12,No,Fiber optic,98.67,1128.36,No
CUST00732,Male,0,4,Yes,Fiber optic,68.03,245.25,No
CUST00733,Female,0,8,Yes,Fiber optic,87.52,648.27,Yes
CUST00734,Male,1,41,Yes,Fiber optic,76.63,2893.96,No
CUST00735,Male,1,8,No,DSL,97.92,835.34,Yes
CUST00736,Male,0,24,Yes,Fiber optic,43.09,1174.17,No
CUST00737,Female,0,34,Yes,DSL,71.27,2119.96,No
CUST00738,Male,0,27,No,Fiber optic,68.43,2104.82,Yes
CUST00739,Female,0,21,Yes,DSL,34.57,698.74,No
CUST00740,Female,0,36,No,Fiber optic,20.72,824.23,No
CUST00741,Female,0,71,Yes,Fiber optic,67.0,,No
CUST00742,Female,0,12,Yes,DSL,37.11,488.15,No
CUST00743,Male,0,44,Yes,Fiber optic,31.83,1610.58,Yes
CUST00744,Male,0,51,Yes,Fiber optic,29.34,1621.21,No
CUST00745,Male,1,46,Yes,DSL,28.53,1615.51,No
CUST00746,Male,0,41,No,Fiber optic,80.57,3580.73,Yes
CUST00747,Male,0,9,No,Fiber optic,63.44,481.37,Yes
CUST00748,Male,0,3,No,No,79.19,235.11,Yes
CUST00749,Male,0,27,No,Fiber optic,50.18,1410.61,Yes
CUST00750,Male,0,35,No,Fiber optic,44.1,1311.35,No
CUST00751,Female,0,9,No,Fiber optic,83.19,709.16,Yes
CUST00752,Female,0,8,No,DSL,69.12,552.51,No
CUST00753,Male,0,59,Yes,DSL,95.6,5803.94,No
CUST00754,Female,1,53,Yes,No,76.97,4037.81,No
CUST00755,Female,0,20,Yes,DSL,81.17,1793.37,No
CUST00756,Male,0,1,No,DSL,108.92,113.44,Yes
CUST00757,Male,0,70,Yes,Fiber optic,35.53,2341.62,No
CUST00758,Female,1,5,No,DSL,92.2,,No
CUST00759,Female,0,48,Yes,DSL,34.84,1996.0,No
CUST00760,Female,1,63,Yes,DSL,64.22,4613.99,No
CUST00761,Male,0,12,Yes,No,47.34,499.95,No
CUST00762,Male,0,50,No,No,83.13,3693.21,No
CUST00763,Female,0,28,No,Fiber optic,29.88,1029.48,No
CUST00764,Male,1,11,No,Fiber optic,84.09,844.43,Yes
CUST00765,Female,0,43,No,Fiber optic,78.54,3507.73,No
CUST00766,Female,0,33,No,DSL,40.22,1267.99,No
CUST00767,Male,0,11,No,Fiber optic,87.37,933.46,Yes
CUST00768,Female,0,4,Yes,DSL,77.53,280.78,No
CUST00769,Female,0,11,Yes,Fiber optic,105.5,1210.42,No
CUST00770,Male,1,57,No,Fiber optic,29.82,2194.99,No
CUST00771,Female,0,58,Yes,No,47.58,3141.94,No
CUST00772,Male,0,70,Yes,No,79.08,,No
CUST00773,Male,0,3,Yes,DSL,108.55,296.06,No
CUST00774,Female,0,54,No,DSL,83.53,4052.67,No
CUST00775,Female,1,33,Yes,Fiber optic,72.65,2233.08,No
CUST00776,Female,0,3,Yes,DSL,89.14,296.07,Yes
CUST00777,Male,0,15,No,Fiber optic,49.76,691.83,No
CUST00778,Female,1,5,No,DSL,101.77,516.17,Yes
CUST00779,Female,0,4,Yes,Fiber optic,77.99,346.89,Yes
CUST00780,Female,0,12,Yes,DSL,48.48,476.69,No
CUST00781,Male,0,60,Yes,DSL,37.65,1959.3,No
CUST00782,Male,0,6,Yes,DSL,90.76,559.23,Yes
CUST00783,Female,0,13,No,DSL,66.67,989.45,No
CUST00784,Male,1,43,No,No,74.65,3252.11,No
CUST00785,Female,0,39,Yes,Fiber optic,64.77,2138.02,No
CUST00786,Male,0,12,Yes,DSL,23.33,197.87,No
CUST00787,Male,0,8,Yes,No,66.61,525.1,No
CUST00788,Male,0,53,Yes,DSL,91.04,4853.29,No
CUST00789,Female,0,7,Yes,No,81.65,594.15,Yes
CUST00790,Male,0,6,No,DSL,92.97,525.67,Yes
CUST00791,Female,0,68,No,No,81.35,5683.01,No
CUST00792,Male,0,2,Yes,No,62.88,136.98,No
CUST00793,Male,0,42,Yes,Fiber optic,44.81,1606.37,No
CUST00794,Male,0,19,No,No,89.0,1588.79,No
CUST00795,Male,0,10,No,DSL,68.43,701.02,No
CUST00796,Male,0,7,Yes,Fiber optic,84.92,549.1,Yes
CUST00797,Male,0,4,No,DSL,98.85,392.27,Yes
CUST00798,Male,1,8,No,DSL,66.52,508.89,No
CUST00799,Male,1,38,No,DSL,56.92,2192.51,Yes
CUST00800,Male,1,62,No,Fiber optic,52.03,3204.94,No
CUST00801,Female,0,56,Yes,Fiber optic,79.73,4472.31,Yes
CUST00802,Male,0,11,Yes,DSL,103.3,1225.19,No
CUST00803,Female,0,38,Yes,Fiber optic,80.09,3148.16,No
CUST00804,Female,0,61,No,Fiber optic,27.41,1171.18,No
CUST00805,Female,0,49,No,DSL,91.89,4942.54,No
CUST00806,Male,1,0,Yes,DSL,76.79,,No
CUST00807,Male,0,8,No,Fiber optic,75.09,602.72,No
CUST00808,Male,1,32,No,DSL,77.41,,No
CUST00809,Female,0,1,Yes,DSL,71.22,79.25,No
CUST00810,Female,0,3,No,No,77.66,258.11,No
CUST00811,Female,0,2,No,No,68.47,155.76,No
CUST00812,Male,0,48,No,No,81.99,3727.18,No
CUST00813,Female,0,12,Yes,DSL,50.58,502.41,No
CUST00814,Female,0,3,Yes,DSL,104.84,289.26,No
CUST00815,Male,0,15,No,No,31.04,386.84,No
CUST00816,Female,0,0,Yes,Fiber optic,99.83,,No
CUST00817,Female,0,13,No,DSL,32.65,476.53,No
CUST00818,Male,0,54,No,Fiber optic,51.83,2919.47,Yes
CUST00819,Female,1,10,No,DSL,94.21,912.35,Yes
CUST00820,Male,0,3,No,Fiber optic,106.27,317.01,Yes
CUST00821,Female,0,67,Yes,DSL,77.64,5726.33,No
CUST00822,Male,0,26,No,No,58.06,1678.31,No
CUST00823,Male,0,1,No,No,84.11,90.34,Yes
CUST00824,Female,1,10,Yes,Fiber optic,84.78,781.98,No
CUST00825,Male,0,17,No,DSL,57.91,833.19,No
CUST00826,Female,0,46,No,No,21.23,,No
CUST00827,Male,1,38,No,No,64.24,2808.0,No
CUST00828,Female,1,22,Yes,DSL,52.08,1358.24,No
CUST00829,Male,0,61,No,DSL,38.45,2870.48,No
CUST00830,Male,0,24,No,DSL,30.55,730.72,No
CUST00831,Male,1,4,No,Fiber optic,63.75,239.39,Yes
CUST00832,Female,0,3,No,DSL,63.44,181.4,No
CUST00833,Male,1,46,Yes,DSL,60.01,2795.6,No
CUST00834,Female,0,1,No,No,97.58,92.79,Yes
CUST00835,Male,0,9,No,Fiber optic,98.11,796.29,No
CUST00836,Male,0,0,Yes,DSL,73.82,,No
CUST00837,Female,0,13,No,DSL,55.08,598.64,No
CUST00838,Female,0,16,Yes,DSL,23.86,323.26,No
CUST00839,Female,0,3,No,Fiber optic,74.87,221.61,Yes
CUST00840,Male,0,8,Yes,Fiber optic,71.43,644.14,Yes
CUST00841,Female,0,62,Yes,DSL,20.76,1028.74,No
CUST00842,Female,0,13,No,Fiber optic,90.49,1096.74,No
CUST00843,Female,0,40,No,No,85.45,3683.24,No
CUST00844,Male,1,69,No,Fiber optic,88.14,6647.68,No
CUST00845,Male,0,16,No,Fiber optic,41.15,633.81,No
CUST00846,Female,0,6,Yes,No,77.08,490.98,Yes
CUST00847,Male,0,12,No,Fiber optic,91.92,,No
CUST00848,Female,0,2,No,DSL,98.87,178.38,No
CUST00849,Male,0,62,Yes,Fiber optic,69.22,4780.87,No
CUST00850,Male,0,37,No,DSL,88.98,3638.84,No
CUST00851,Male,0,9,No,Fiber optic,98.2,889.68,Yes
CUST00852,Male,0,0,No,Fiber optic,67.31,,Yes
CUST00853,Female,0,3,No,DSL,98.8,287.48,Yes
CUST00854,Male,0,30,No,DSL,53.21,,No
CUST00855,Female,1,53,No,DSL,77.56,3812.6,No
CUST00856,Male,0,6,Yes,DSL,71.18,462.09,No
CUST00857,Female,0,32,Yes,No,82.93,2514.84,No
CUST00858,Female,0,7,No,No,92.7,589.24,Yes
CUST00859,Male,0,51,No,No,65.8,,No
CUST00860,Male,0,20,Yes,Fiber optic,33.31,641.03,Yes
CUST00861,Male,1,53,Yes,Fiber optic,91.42,4339.16,No
CUST00862,Male,1,20,No,No,25.44,473.28,No
CUST00863,Female,0,31,No,DSL,47.53,,No
CUST00864,Female,0,72,Yes,Fiber optic,80.96,5833.27,No
CUST00865,Male,0,52,No,Fiber optic,79.49,3974.89,No
CUST00866,Male,0,3,Yes,DSL,105.02,337.26,Yes
CUST00867,Female,0,8,No,Fiber optic,107.63,820.32,Yes
CUST00868,Male,1,6,Yes,Fiber optic,68.48,353.8,No
CUST00869,Female,0,36,No,DSL,40.82,1781.95,No
CUST00870,Female,0,11,Yes,DSL,77.23,936.42,No
CUST00871,Male,0,20,No,No,88.26,1900.08,No
CUST00872,Male,0,11,Yes,DSL,83.33,814.66,Yes
CUST00873,Male,0,31,No,No,52.22,1899.78,No
CUST00874,Female,0,40,No,Fiber optic,69.63,2968.11,No
CUST00875,Female,0,68,Yes,No,38.71,2708.81,No
CUST00876,Male,0,41,Yes,DSL,22.07,876.99,No
CUST00877,Male,0,13,Yes,Fiber optic,59.26,687.59,No
CUST00878,Female,0,60,No,Fiber optic,59.4,3440.87,No
CUST00879,Female,0,10,No,Fiber optic,99.58,1038.34,Yes
CUST00880,Male,0,9,No,DSL,82.19,655.77,Yes
CUST00881,Male,0,31,No,Fiber optic,62.24,1898.25,No
CUST00882,Female,1,5,Yes,No,81.06,412.48,No
CUST00883,Female,1,1,No,Fiber optic,86.74,79.67,No
CUST00884,Male,0,70,Yes,Fiber optic,70.15,4783.7,Yes
CUST00885,Male,0,72,No,Fiber optic,67.45,5539.47,No
CUST00886,Male,0,7,No,No,79.96,628.6,Yes
CUST00887,Female,0,43,No,Fiber optic,47.45,2280.09,No
CUST00888,Male,0,4,Yes,Fiber optic,106.19,439.87,Yes
CUST00889,Male,0,11,No,DSL,98.98,1195.33,No
CUST00890,Female,0,22,Yes,DSL,44.91,824.02,No
CUST00891,Female,0,8,Yes,DSL,107.96,792.72,Yes
CUST00892,Female,0,22,Yes,No,43.64,1012.33,No
CUST00893,Male,0,2,No,Fiber optic,83.09,173.52,No
CUST00894,Female,0,38,Yes,DSL,93.36,3626.53,No
CUST00895,Female,1,35,No,No,66.99,,No
CUST00896,Male,0,39,No,Fiber optic,95.58,4095.72,No
CUST00897,Female,0,71,No,Fiber optic,31.21,2212.51,No
CUST00898,Female,0,10,Yes,Fiber optic,88.8,859.89,No
CUST00899,Male,0,30,No,Fiber optic,89.45,2841.75,No
CUST00900,Male,0,10,Yes,Fiber optic,67.29,,No
CUST00901,Female,0,16,No,Fiber optic,48.87,737.08,Yes
CUST00902,Male,0,7,Yes,Fiber optic,93.19,684.16,Yes
CUST00903,Male,0,56,Yes,DSL,39.6,2592.37,No
CUST00904,Female,0,42,Yes,Fiber optic,42.31,2190.64,No
CUST00905,Male,0,16,No,Fiber optic,67.26,,No
CUST00906,Female,1,47,No,DSL,91.52,4614.54,No
CUST00907,Female,1,65,Yes,Fiber optic,60.79,4127.79,No
CUST00908,Male,0,2,No,Fiber optic,95.19,184.45,Yes
CUST00909,Male,0,0,Yes,DSL,103.44,,Yes
CUST00910,Female,0,30,Yes,Fiber optic,21.61,926.22,No
CUST00911,Female,0,34,Yes,Fiber optic,94.7,2905.04,No
CUST00912,Female,0,5,Yes,DSL,103.77,495.86,Yes
CUST00913,Male,0,7,No,DSL,96.3,630.18,Yes
CUST00914,Female,0,33,No,DSL,70.16,2340.79,No
CUST00915,Female,1,39,No,No,87.47,3171.61,No
CUST00916,Male,0,51,No,Fiber optic,94.78,5202.03,No
CUST00917,Female,1,5,No,Fiber optic,88.61,473.56,Yes
CUST00918,Female,0,63,Yes,Fiber optic,35.03,2174.91,No
CUST00919,Male,0,7,No,Fiber optic,86.23,578.34,Yes
CUST00920,Male,0,21,Yes,Fiber optic,24.67,662.84,No
CUST00921,Male,1,3,No,Fiber optic,99.25,303.0,Yes
CUST00922,Female,0,22,No,DSL,85.67,1905.89,No
CUST00923,Female,0,27,Yes,DSL,38.55,1125.32,No
CUST00924,Female,1,8,No,Fiber optic,79.3,672.96,Yes
CUST00925,Female,0,5,No,DSL,102.31,491.68,No
CUST00926,Male,0,9,No,Fiber optic,93.52,752.13,Yes
CUST00927,Female,0,3,No,DSL,82.1,230.37,No
CUST00928,Female,0,5,No,Fiber optic,106.64,522.42,Yes
CUST00929,Female,0,3,No,DSL,96.11,306.41,Yes
CUST00930,Male,1,22,Yes,Fiber optic,90.07,2154.08,No
CUST00931,Male,0,9,Yes,Fiber optic,62.83,643.86,No
CUST00932,Female,0,66,No,No,77.41,4460.74,No
CUST00933,Female,0,20,No,DSL,67.81,1357.14,No
CUST00934,Female,0,17,Yes,Fiber optic,38.31,702.8,No
CUST00935,Female,0,9,Yes,Fiber optic,71.71,606.99,Yes
CUST00936,Female,0,9,No,DSL,65.86,522.04,No
CUST00937,Male,1,1,Yes,Fiber optic,75.03,,No
CUST00938,Female,0,7,Yes,No,109.74,824.33,Yes
CUST00939,Female,0,17,No,No,75.49,1355.37,No
CUST00940,Female,0,3,Yes,No,109.01,347.16,Yes
CUST00941,Female,0,4,No,DSL,93.04,380.9,Yes
CUST00942,Female,0,3,Yes,DSL,63.82,190.6,No
CUST00943,Female,0,18,No,Fiber optic,96.38,1612.49,No
CUST00944,Male,0,29,Yes,DSL,45.97,1383.48,No
CUST00945,Female,0,14,Yes,Fiber optic,55.09,772.07,Yes
CUST00946,Male,0,57,No,Fiber optic,46.92,2503.91,No
CUST00947,Male,0,61,No,Fiber optic,73.14,,No
CUST00948,Female,0,14,No,DSL,25.37,244.72,No
CUST00949,Female,0,17,Yes,No,88.4,1360.04,No
CUST00950,Male,0,12,No,DSL,91.25,1002.98,No
CUST00951,Male,0,59,No,Fiber optic,83.91,4524.54,No
CUST00952,Male,0,33,No,Fiber optic,42.54,1123.53,No
CUST00953,Male,1,6,Yes,No,84.33,471.22,Yes
CUST00954,Male,0,25,Yes,Fiber optic,56.33,1540.01,No
CUST00955,Male,0,5,Yes,Fiber optic,108.41,532.65,Yes
CUST00956,Female,0,53,No,DSL,42.26,2543.17,No
CUST00957,Female,0,50,No,No,57.1,2879.89,No
CUST00958,Female,1,2,Yes,DSL,65.09,133.72,No
CUST00959,Male,0,13,Yes,DSL,68.76,978.86,No
CUST00960,Female,0,35,No,No,47.47,1588.95,No
CUST00961,Female,1,48,Yes,No,70.14,3551.47,No
CUST00962,Male,0,33,Yes,DSL,96.4,3157.26,No
CUST00963,Female,0,24,No,DSL,21.78,,No
CUST00964,Male,0,27,Yes,Fiber optic,77.33,2195.93,No
CUST00965,Female,0,57,No,DSL,26.78,1481.13,No
CUST00966,Female,1,9,No,DSL,80.63,696.46,No
CUST00967,Male,0,1,Yes,No,64.25,59.41,No
CUST00968,Male,1,30,Yes,Fiber optic,71.84,1871.64,Yes
CUST00969,Female,1,6,Yes,No,85.84,484.51,Yes
CUST00970,Male,0,6,No,DSL,92.33,540.3,Yes
CUST00971,Female,1,67,No,No,89.82,5842.27,Yes
CUST00972,Male,0,46,No,No,41.16,2012.23,No
CUST00973,Male,0,43,No,Fiber optic,85.78,3853.31,No
CUST00974,Male,0,25,No,Fiber optic,56.18,1239.46,Yes
CUST00975,Female,0,57,No,DSL,53.47,2630.44,No
CUST00976,Female,0,4,No,Fiber optic,108.14,437.75,No
CUST00977,Male,0,3,No,Fiber optic,84.91,259.57,Yes
CUST00978,Female,0,56,Yes,DSL,99.57,5391.83,No
CUST00979,Female,1,5,No,Fiber optic,107.73,560.39,Yes
CUST00980,Male,0,31,No,Fiber optic,96.12,2722.37,No
CUST00981,Female,0,64,No,Fiber optic,33.0,2678.83,No
CUST00982,Female,0,0,No,Fiber optic,80.45,,Yes
CUST00983,Male,0,22,No,DSL,74.07,1764.46,No
CUST00984,Male,0,51,Yes,No,29.17,1769.4,No
CUST00985,Female,0,26,No,No,76.94,,No
CUST00986,Male,0,12,No,Fiber optic,39.98,579.25,Yes
CUST00987,Male,1,8,Yes,No,66.94,523.43,No
CUST00988,Male,0,36,No,No,69.5,2855.08,No
CUST00989,Male,1,50,Yes,Fiber optic,54.69,2893.73,No
CUST00990,Male,0,2,Yes,DSL,83.76,152.32,No
CUST00991,Male,0,9,No,Fiber optic,98.72,958.45,Yes
CUST00992,Female,1,5,Yes,Fiber optic,104.35,542.2,Yes
CUST00993,Female,0,28,No,DSL,21.5,494.95,No
CUST00994,Male,0,9,Yes,DSL,69.42,654.31,No
CUST00995,Male,0,58,Yes,Fiber optic,88.5,4973.12,No
CUST00996,Female,0,10,No,Fiber optic,60.02,542.35,No
CUST00997,Male,1,5,No,DSL,93.83,505.18,Yes
CUST00998,Female,0,50,No,DSL,46.91,1866.18,No
CUST00999,Female,1,70,No,No,80.0,5953.78,No
CUST01000,Female,0,4,No,No,73.35,317.63,No
